<?xml version="1.0"?>
<pagescount>
	<html_total>5</html_total>
	<html_done>5</html_done>
	<img>13</img>
	<js>6</js>
	<css>2</css>
	<pdf/>
	<doc/>
	<xls/>
	<ppt/>
	<swf/>
	<mp3/>
	<mp4/>
	<xml/>
	<json/>
	<txt/>
	<fonts>4</fonts>
	<scraping_reload>1</scraping_reload>
	<is_pretty_url>false</is_pretty_url>
	<is_ebn>false</is_ebn>
	<theme_name>399828</theme_name>
	<server_url_front_page>https://www6.waybackmachinedownloader.com/wdo/files/demo/webapi.secugen.com_nishad_venturenxt.com_b0tegnnx4i/</server_url_front_page>
	<no_www_url>webapi.secugen.com</no_www_url>
	<hosted_domain/>
	<original_archive_url>https://webapi.secugen.com/demo1</original_archive_url>
	<final_archive_url>https://webapi.secugen.com/demo1</final_archive_url>
	<front_page_code_date/>
	<total_urls_from_api/>
	<search_url_added>false</search_url_added>
	<total_size>1460</total_size>
</pagescount>
